,tissue,histology,sub-histology,gender,Custom
LN18,central_nervous_system,glioma,astrocytoma_Grade_IV,M,Unknown
769P,kidney,carcinoma,clear_cell_renal_cell_carcinoma,F,Unknown
786O,kidney,carcinoma,clear_cell_renal_cell_carcinoma,M,Unknown
CAOV3,ovary,carcinoma,adenocarcinoma,F,Unknown
HEPG2,liver,carcinoma,hepatocellular_carcinoma,M,Unknown
MOLT4,haematopoietic_and_lymphoid_tissue,lymphoid_neoplasm,acute_lymphoblastic_T_cell_leukaemia,M,Unknown
NCIH524,lung,carcinoma,small_cell_carcinoma,M,Unknown
NCIH209,lung,carcinoma,small_cell_carcinoma,M,Unknown
MIAPACA2,pancreas,carcinoma,ductal_carcinoma,M,Unknown
MCAS,ovary,carcinoma,adenocarcinoma,F,Unknown
SBC5,lung,carcinoma,small_cell_carcinoma,NA,Unknown
COLO829,skin,malignant_melanoma,NS,M,Unknown
VCAP,prostate,carcinoma,adenocarcinoma,M,Unknown
COLO704,ovary,carcinoma,NS,F,Unknown
IPC298,skin,malignant_melanoma,NS,F,Unknown
CAPAN2,pancreas,carcinoma,ductal_carcinoma,M,Unknown
EFM192A,breast,carcinoma,NS,F,Unknown
HS766T,pancreas,carcinoma,ductal_carcinoma,M,Unknown
EFO27,ovary,carcinoma,mucinous_carcinoma,F,Unknown
A2780,ovary,carcinoma,adenocarcinoma,F,Unknown
NCIH196,lung,carcinoma,small_cell_carcinoma,M,Unknown
IGROV1,ovary,carcinoma,adenocarcinoma,F,Unknown
NCIH889,lung,carcinoma,small_cell_carcinoma,F,Unknown
NCIH211,lung,carcinoma,small_cell_carcinoma,F,Unknown
HS571T,ovary,carcinoma,NS,F,Unknown
MDAPCA2B,prostate,carcinoma,adenocarcinoma,M,Unknown
SKMEL24,skin,malignant_melanoma,NS,M,Unknown
K029AX,skin,malignant_melanoma,NS,NA,Unknown
HT1376,urinary_tract,carcinoma,transitional_cell_carcinoma,F,Unknown
NCIH2171,lung,carcinoma,small_cell_carcinoma,M,Unknown
PANC1005,pancreas,carcinoma,ductal_carcinoma,M,Unknown
EVSAT,breast,carcinoma,NS,F,Unknown
HS695T,skin,malignant_melanoma,NS,M,Unknown
CHL1,skin,malignant_melanoma,NS,NA,Unknown
LOUNH91,lung,carcinoma,squamous_cell_carcinoma,F,Unknown
LK2,lung,carcinoma,squamous_cell_carcinoma,M,Unknown
TOV21G,ovary,carcinoma,clear_cell_carcinoma,F,Unknown
SKMEL3,skin,malignant_melanoma,NS,F,Unknown
ASPC1,pancreas,carcinoma,ductal_carcinoma,F,Unknown
OVSAHO,ovary,carcinoma,adenocarcinoma,F,Unknown
NCIH441,lung,carcinoma,adenocarcinoma,M,Unknown
RERFLCSQ1,lung,carcinoma,squamous_cell_carcinoma,F,Unknown
NCIH2030,lung,carcinoma,non_small_cell_carcinoma,M,Unknown
HMCB,skin,malignant_melanoma,NS,NA,Unknown
FUOV1,ovary,carcinoma,serous_carcinoma,F,Unknown
MALME3M,skin,malignant_melanoma,NS,M,Unknown
KMS12BM,haematopoietic_and_lymphoid_tissue,lymphoid_neoplasm,plasma_cell_myeloma,F,Unknown
T98G,central_nervous_system,glioma,astrocytoma_Grade_IV,M,Unknown
HL60,haematopoietic_and_lymphoid_tissue,haematopoietic_neoplasm,acute_myeloid_leukaemia,F,Unknown
DBTRG05MG,central_nervous_system,glioma,astrocytoma_Grade_IV,F,Unknown
HEYA8,ovary,carcinoma,NS,F,Unknown
NCIH2122,lung,carcinoma,adenocarcinoma,F,Unknown
MELJUSO,skin,malignant_melanoma,NS,F,Unknown
SW620,large_intestine,carcinoma,adenocarcinoma,M,Unknown
HCT116,large_intestine,carcinoma,NS,M,Unknown
VMRCRCZ,kidney,carcinoma,renal_cell_carcinoma,NA,Unknown
DU145,prostate,carcinoma,NS,M,Unknown
MM1S,haematopoietic_and_lymphoid_tissue,lymphoid_neoplasm,plasma_cell_myeloma,NA,Unknown
L33,pancreas,carcinoma,NS,NA,Unknown
SKMEL2,skin,malignant_melanoma,NS,M,Unknown
A549,lung,carcinoma,non_small_cell_carcinoma,M,Unknown
A172,central_nervous_system,glioma,astrocytoma_Grade_IV,M,Unknown
NCIH1975,lung,carcinoma,non_small_cell_carcinoma,F,Unknown
COLO679,skin,malignant_melanoma,NS,F,Unknown
KP2,pancreas,carcinoma,NS,F,Unknown
HUH1,liver,carcinoma,hepatocellular_carcinoma,M,Unknown
MDAMB453,breast,carcinoma,NS,F,Unknown
MDAMB231,breast,carcinoma,NS,F,Unknown
OV90,ovary,carcinoma,mixed_carcinoma,F,Unknown
RS411,haematopoietic_and_lymphoid_tissue,lymphoid_neoplasm,acute_lymphoblastic_B_cell_leukaemia,F,Unknown
OVTOKO,ovary,carcinoma,clear_cell_carcinoma,F,Unknown
OVCAR4,ovary,carcinoma,NS,F,Unknown
HLF,liver,carcinoma,hepatocellular_carcinoma,M,Unknown
HCT15,large_intestine,carcinoma,adenocarcinoma,M,Unknown
SW1463,large_intestine,carcinoma,adenocarcinoma,F,Unknown
SF295,central_nervous_system,glioma,astrocytoma_Grade_IV,NA,Unknown
WM115,skin,malignant_melanoma,NS,F,Unknown
JHH4,liver,carcinoma,hepatocellular_carcinoma,M,Unknown
OE33,oesophagus,other,metaplasia,F,Unknown
CCK81,large_intestine,carcinoma,adenocarcinoma,NA,Unknown
JHH1,liver,carcinoma,hepatocellular_carcinoma,M,Unknown
SJSA1,bone,osteosarcoma,NS,M,Unknown
NCIH2228,lung,carcinoma,adenocarcinoma,F,Unknown
RERFLCAI,lung,carcinoma,squamous_cell_carcinoma,M,Unknown
SKMES1,lung,carcinoma,squamous_cell_carcinoma,M,Unknown
NCIH520,lung,carcinoma,squamous_cell_carcinoma,M,Unknown
JHH5,liver,carcinoma,hepatocellular_carcinoma,M,Unknown
FU97,stomach,carcinoma,diffuse_adenocarcinoma,F,Unknown
COLO800,skin,malignant_melanoma,NS,NA,Unknown
NCIH1963,lung,carcinoma,small_cell_carcinoma,M,Unknown
RL952,endometrium,carcinoma,mixed_adenosquamous_carcinoma,F,Unknown
J82,urinary_tract,carcinoma,transitional_cell_carcinoma,M,Unknown
HCC15,lung,carcinoma,squamous_cell_carcinoma,M,Unknown
M059K,central_nervous_system,glioma,astrocytoma_Grade_IV,M,Unknown
CALU6,lung,carcinoma,undifferentiated_carcinoma,F,Unknown
SKLU1,lung,carcinoma,adenocarcinoma,F,Unknown
SW900,lung,carcinoma,squamous_cell_carcinoma,M,Unknown
UACC62,skin,malignant_melanoma,NS,NA,Unknown
MFE280,endometrium,carcinoma,adenocarcinoma,F,Unknown
MFE319,endometrium,carcinoma,adenocarcinoma,F,Unknown
MFE296,endometrium,carcinoma,adenocarcinoma,F,Unknown
GOS3,central_nervous_system,glioma,astrocytoma,M,Unknown
GI1,central_nervous_system,glioma,gliosarcoma,M,Unknown
PC14,lung,carcinoma,non_small_cell_carcinoma,NA,Unknown
KYSE410,oesophagus,carcinoma,squamous_cell_carcinoma,M,Unknown
A204,soft_tissue,rhabdoid_tumour,NS,F,Unknown
PATU8902,pancreas,carcinoma,ductal_carcinoma,F,Unknown
NCIH810,lung,carcinoma,large_cell_carcinoma,M,Unknown
RERFLCMS,lung,carcinoma,non_small_cell_carcinoma,NA,Unknown
L1236,haematopoietic_and_lymphoid_tissue,lymphoid_neoplasm,Hodgkin_lymphoma,M,Unknown
DANG,pancreas,carcinoma,NS,NA,Unknown
NCIH460,lung,carcinoma,large_cell_carcinoma,M,Unknown
KYSE140,oesophagus,carcinoma,squamous_cell_carcinoma,M,Unknown
KYSE180,oesophagus,carcinoma,squamous_cell_carcinoma,M,Unknown
HUPT3,pancreas,carcinoma,NS,M,Unknown
EFE184,endometrium,carcinoma,NS,F,Unknown
SW579,thyroid,carcinoma,anaplastic_carcinoma,M,Unknown
MDAMB468,breast,carcinoma,NS,F,Unknown
NCIH526,lung,carcinoma,small_cell_carcinoma,M,Unknown
TOV112D,ovary,carcinoma,endometrioid_carcinoma,F,Unknown
BT549,breast,carcinoma,ductal_carcinoma,F,Unknown
NCIH2196,lung,carcinoma,small_cell_carcinoma,M,Unknown
CAL851,breast,carcinoma,NS,F,Unknown
EFO21,ovary,carcinoma,serous_carcinoma,F,Unknown
A375,skin,malignant_melanoma,NS,F,Unknown
HT29,large_intestine,carcinoma,adenocarcinoma,F,Unknown
NCIH446,lung,carcinoma,small_cell_carcinoma,M,Unknown
HS294T,skin,malignant_melanoma,NS,M,Unknown
SKMEL5,skin,malignant_melanoma,NS,F,Unknown
HS944T,skin,malignant_melanoma,NS,M,Unknown
TCCPAN2,pancreas,carcinoma,NS,F,Unknown
RMGI,ovary,carcinoma,clear_cell_carcinoma,F,Unknown
PC3,prostate,carcinoma,adenocarcinoma,M,Unknown
K562,haematopoietic_and_lymphoid_tissue,haematopoietic_neoplasm,blast_phase_chronic_myeloid_leukaemia,F,Unknown
RT112,urinary_tract,carcinoma,transitional_cell_carcinoma,F,Unknown
NUGC3,stomach,carcinoma,NS,M,Unknown
U87MG,central_nervous_system,glioma,astrocytoma,F,Unknown
CAKI2,kidney,carcinoma,clear_cell_renal_cell_carcinoma,M,Unknown
OE19,oesophagus,carcinoma,adenocarcinoma,M,Unknown
KMRC2,kidney,carcinoma,clear_cell_renal_cell_carcinoma,M,Unknown
JHH2,liver,carcinoma,hepatocellular_carcinoma,M,Unknown
IM95,stomach,carcinoma,intestinal_adenocarcinoma,M,Unknown
MV411,haematopoietic_and_lymphoid_tissue,haematopoietic_neoplasm,acute_myeloid_leukaemia,M,Unknown
WM2664,skin,malignant_melanoma,NS,F,Unknown
KMRC1,kidney,carcinoma,clear_cell_renal_cell_carcinoma,M,Unknown
KM12,large_intestine,carcinoma,adenocarcinoma,NA,Unknown
COLO849,skin,malignant_melanoma,NS,M,Unknown
T84,large_intestine,carcinoma,adenocarcinoma,M,Unknown
CALU1,lung,carcinoma,squamous_cell_carcinoma,M,Unknown
LOXIMVI,skin,malignant_melanoma,NS,NA,Unknown
NCIH2170,lung,carcinoma,squamous_cell_carcinoma,M,Unknown
SQ1,lung,carcinoma,squamous_cell_carcinoma,NA,Unknown
AN3CA,endometrium,carcinoma,adenocarcinoma,F,Unknown
NCIH2444,lung,carcinoma,non_small_cell_carcinoma,M,Unknown
UACC257,skin,malignant_melanoma,NS,NA,Unknown
KYSE510,oesophagus,carcinoma,squamous_cell_carcinoma,F,Unknown
MOLM13,haematopoietic_and_lymphoid_tissue,haematopoietic_neoplasm,acute_myeloid_leukaemia,M,Unknown
HUPT4,pancreas,carcinoma,NS,M,Unknown
MOGGCCM,central_nervous_system,glioma,astrocytoma,NA,Unknown
KYSE30,oesophagus,carcinoma,squamous_cell_carcinoma,M,Unknown
KYSE150,oesophagus,carcinoma,squamous_cell_carcinoma,F,Unknown
PSN1,pancreas,carcinoma,ductal_carcinoma,NA,Unknown
NCIH1299,lung,carcinoma,non_small_cell_carcinoma,M,Unknown
PATU8988T,pancreas,carcinoma,ductal_carcinoma,F,Unknown
IGR37,skin,malignant_melanoma,NS,M,Unknown
PANC0403,pancreas,carcinoma,NS,M,Unknown
TYKNU,ovary,carcinoma,undifferentiated_carcinoma,F,Unknown
OVISE,ovary,carcinoma,clear_cell_carcinoma,F,Unknown
EFM19,breast,carcinoma,ductal_carcinoma,F,Unknown
MELHO,skin,malignant_melanoma,NS,F,Unknown
RL,haematopoietic_and_lymphoid_tissue,lymphoid_neoplasm,B_cell_lymphoma_unspecified,M,Unknown
G361,skin,malignant_melanoma,NS,M,Unknown
NCIH647,lung,carcinoma,mixed_adenosquamous_carcinoma,M,Unknown
GMS10,central_nervous_system,glioma,astrocytoma_Grade_IV,M,Unknown
SEM,haematopoietic_and_lymphoid_tissue,lymphoid_neoplasm,acute_lymphoblastic_B_cell_leukaemia,F,Unknown
HLFA,lung,carcinoma,squamous_cell_carcinoma,F,Unknown
42MGBA,central_nervous_system,glioma,astrocytoma_Grade_IV,M,Unknown
KCIMOH1,pancreas,carcinoma,ductal_carcinoma,F,Unknown
HCC44,lung,carcinoma,adenocarcinoma,F,Unknown
KYSE70,oesophagus,carcinoma,squamous_cell_carcinoma,M,Unknown
1321N1,central_nervous_system,glioma,astrocytoma,M,Unknown
GAMG,central_nervous_system,glioma,NS,F,Unknown
NCIH522,lung,carcinoma,non_small_cell_carcinoma,M,Unknown
EN,endometrium,carcinoma,NS,F,Unknown
PK59,pancreas,carcinoma,NS,NA,Unknown
SNB19,central_nervous_system,glioma,astrocytoma_Grade_IV,M,Unknown
COLO741,skin,malignant_melanoma,NS,F,Unknown
HDMYZ,haematopoietic_and_lymphoid_tissue,lymphoid_neoplasm,Hodgkin_lymphoma,NA,Unknown
NCIH661,lung,carcinoma,large_cell_carcinoma,M,Unknown
LNCAPCLONEFGC,prostate,carcinoma,adenocarcinoma,M,Unknown
LS411N,large_intestine,carcinoma,adenocarcinoma,M,Unknown
HCC78,lung,carcinoma,adenocarcinoma,M,Unknown
YKG1,central_nervous_system,glioma,astrocytoma_Grade_IV,F,Unknown
ESS1,endometrium,carcinoma,carcinosarcoma-malignant_mesodermal_mixed_tumour,F,Unknown
U251MG,central_nervous_system,glioma,astrocytoma,M,Unknown
TE11,oesophagus,carcinoma,squamous_cell_carcinoma,NA,Unknown
KS1,central_nervous_system,glioma,astrocytoma_Grade_IV,F,Unknown
HEC1A,endometrium,carcinoma,adenocarcinoma,F,Unknown
TE1,oesophagus,carcinoma,squamous_cell_carcinoma,M,Unknown
JHUEM2,endometrium,carcinoma,adenocarcinoma,F,Unknown
MOGGUVW,central_nervous_system,glioma,astrocytoma,NA,Unknown
RERFLCAD1,lung,carcinoma,adenocarcinoma,M,Unknown
TE5,oesophagus,carcinoma,squamous_cell_carcinoma,NA,Unknown
KELLY,autonomic_ganglia,neuroblastoma,NS,NA,Unknown
NCIH1155,lung,carcinoma,large_cell_carcinoma,M,Unknown
TE15,oesophagus,carcinoma,squamous_cell_carcinoma,F,Unknown
ABC1,lung,carcinoma,non_small_cell_carcinoma,M,Unknown
8MGBA,central_nervous_system,glioma,astrocytoma_Grade_IV,F,Unknown
NCIH1703,lung,carcinoma,adenocarcinoma,M,Unknown
AGS,stomach,carcinoma,adenocarcinoma,F,Unknown
QGP1,pancreas,carcinoma,NS,NA,Unknown
DETROIT562,upper_aerodigestive_tract,carcinoma,NS,F,Unknown
BT474,breast,carcinoma,ductal_carcinoma,F,Unknown
ACHN,kidney,carcinoma,renal_cell_carcinoma,M,Unknown
LOVO,large_intestine,carcinoma,adenocarcinoma,M,Unknown
NCIH1581,lung,carcinoma,large_cell_carcinoma,M,Unknown
SCABER,urinary_tract,carcinoma,transitional_cell_carcinoma,M,Unknown
SKMEL30,skin,malignant_melanoma,NS,M,Unknown
OVKATE,ovary,carcinoma,adenocarcinoma,F,Unknown
22RV1,prostate,carcinoma,NS,M,Unknown
C32,skin,malignant_melanoma,NS,M,Unknown
PANC0327,pancreas,carcinoma,ductal_carcinoma,F,Unknown
RPMI8226,haematopoietic_and_lymphoid_tissue,lymphoid_neoplasm,plasma_cell_myeloma,M,Unknown
DLD1,large_intestine,carcinoma,adenocarcinoma,M,Unknown
ES2,ovary,carcinoma,clear_cell_carcinoma,F,Unknown
NCIH1395,lung,carcinoma,adenocarcinoma,F,Unknown
NCIH1781,lung,carcinoma,bronchioloalveolar_adenocarcinoma,F,Unknown
LS1034,large_intestine,carcinoma,adenocarcinoma,M,Unknown
G402,soft_tissue,rhabdoid_tumour,NS,F,Unknown
NCIH146,lung,carcinoma,small_cell_carcinoma,M,Unknown
SW48,large_intestine,carcinoma,adenocarcinoma,F,Unknown
CHP212,autonomic_ganglia,neuroblastoma,NS,NA,Unknown
LS180,large_intestine,carcinoma,adenocarcinoma,F,Unknown
SW403,large_intestine,carcinoma,adenocarcinoma,F,Unknown
NCIH747,large_intestine,carcinoma,adenocarcinoma,M,Unknown
RT4,urinary_tract,carcinoma,transitional_cell_carcinoma,M,Unknown
KATOIII,stomach,carcinoma,adenocarcinoma,M,Unknown
BDCM,haematopoietic_and_lymphoid_tissue,lymphoid_neoplasm,acute_lymphoblastic_B_cell_leukaemia,M,Unknown
SW1417,large_intestine,carcinoma,adenocarcinoma,F,Unknown
SW948,large_intestine,carcinoma,adenocarcinoma,F,Unknown
HS606T,breast,carcinoma,NS,F,Unknown
MDAMB415,breast,carcinoma,NS,F,Unknown
DMS79,lung,carcinoma,small_cell_carcinoma,NA,Unknown
NCIH2106,lung,carcinoma,non_small_cell_carcinoma,M,Unknown
CORL23,lung,carcinoma,large_cell_carcinoma,M,Unknown
MORCPR,lung,carcinoma,adenocarcinoma,NA,Unknown
HARA,lung,carcinoma,squamous_cell_carcinoma,M,Unknown
SKOV3,ovary,carcinoma,adenocarcinoma,F,Unknown
HPAFII,pancreas,carcinoma,ductal_carcinoma,M,Unknown
MC116,haematopoietic_and_lymphoid_tissue,lymphoid_neoplasm,B_cell_lymphoma_unspecified,M,Unknown
NCIH1568,lung,carcinoma,non_small_cell_carcinoma,F,Unknown
CA46,haematopoietic_and_lymphoid_tissue,lymphoid_neoplasm,Burkitt_lymphoma,M,Unknown
A498,kidney,carcinoma,renal_cell_carcinoma,F,Unknown
BCP1,haematopoietic_and_lymphoid_tissue,lymphoid_neoplasm,B_cell_lymphoma_unspecified,M,Unknown
A673,bone,Ewings_sarcoma-peripheral_primitive_neuroectodermal_tumour,NS,F,Unknown
AU565,breast,carcinoma,NS,F,Unknown
COLO201,large_intestine,carcinoma,adenocarcinoma,M,Unknown
CAPAN1,pancreas,carcinoma,ductal_carcinoma,M,Unknown
NCIH1563,lung,carcinoma,adenocarcinoma,M,Unknown
NCIH358,lung,carcinoma,bronchioloalveolar_adenocarcinoma,M,Unknown
CFPAC1,pancreas,carcinoma,ductal_carcinoma,M,Unknown
NIHOVCAR3,ovary,carcinoma,NS,F,Unknown
NCIH1650,lung,carcinoma,bronchioloalveolar_adenocarcinoma,M,Unknown
NCIH1793,lung,carcinoma,non_small_cell_carcinoma,F,Unknown
NCIH1437,lung,carcinoma,adenocarcinoma,M,Unknown
KNS62,lung,carcinoma,squamous_cell_carcinoma,M,Unknown
HS578T,breast,carcinoma,ductal_carcinoma,F,Unknown
BT20,breast,carcinoma,ductal_carcinoma,F,Unknown
SNU182,liver,carcinoma,hepatocellular_carcinoma,M,Unknown
SKNMC,bone,Ewings_sarcoma-peripheral_primitive_neuroectodermal_tumour,NS,F,Unknown
HH,haematopoietic_and_lymphoid_tissue,lymphoid_neoplasm,adult_T_cell_lymphoma-leukaemia,M,Unknown
FADU,upper_aerodigestive_tract,carcinoma,squamous_cell_carcinoma,M,Unknown
SJRH30,soft_tissue,rhabdomyosarcoma,NS,M,Unknown
MDAMB361,breast,carcinoma,NS,F,Unknown
MDAMB436,breast,carcinoma,NS,F,Unknown
PANC0213,pancreas,carcinoma,NS,F,Unknown
DB,haematopoietic_and_lymphoid_tissue,lymphoid_neoplasm,diffuse_large_B_cell_lymphoma,M,Unknown
RDES,bone,Ewings_sarcoma-peripheral_primitive_neuroectodermal_tumour,NS,M,Unknown
CAL27,upper_aerodigestive_tract,carcinoma,squamous_cell_carcinoma,M,Unknown
MESSA,soft_tissue,sarcoma,NS,F,Unknown
SW1271,lung,carcinoma,small_cell_carcinoma,M,Unknown
NCIH1792,lung,carcinoma,adenocarcinoma,M,Unknown
GCT,soft_tissue,malignant_fibrous_histiocytoma-pleomorphic_sarcoma,NS,M,Unknown
SKBR3,breast,carcinoma,NS,F,Unknown
SNU16,stomach,carcinoma,undifferentiated_adenocarcinoma,F,Unknown
NCIH82,lung,carcinoma,small_cell_carcinoma,M,Unknown
NCIN87,stomach,carcinoma,NS,M,Unknown
U2OS,bone,osteosarcoma,NS,F,Unknown
H4,central_nervous_system,glioma,NS,M,Unknown
GDM1,haematopoietic_and_lymphoid_tissue,haematopoietic_neoplasm,acute_myeloid_leukaemia,F,Unknown
HCC1143,breast,carcinoma,ductal_carcinoma,F,Unknown
T24,urinary_tract,carcinoma,transitional_cell_carcinoma,F,Unknown
G401,soft_tissue,rhabdoid_tumour,NS,M,Unknown
HCC1937,breast,carcinoma,ductal_carcinoma,F,Unknown
HCC1569,breast,carcinoma,metaplastic_carcinoma,F,Unknown
OCUM1,stomach,carcinoma,diffuse_adenocarcinoma,F,Unknown
SAOS2,bone,osteosarcoma,NS,F,Unknown
D283MED,central_nervous_system,primitive_neuroectodermal_tumour-medulloblastoma,NS,M,Unknown
SCC9,upper_aerodigestive_tract,carcinoma,squamous_cell_carcinoma,M,Unknown
HCC1395,breast,carcinoma,ductal_carcinoma,F,Unknown
NMCG1,central_nervous_system,glioma,NS,NA,Unknown
TEN,endometrium,carcinoma,clear_cell_carcinoma,F,Unknown
HS604T,haematopoietic_and_lymphoid_tissue,lymphoid_neoplasm,Hodgkin_lymphoma,M,Unknown
TE9,oesophagus,carcinoma,squamous_cell_carcinoma,M,Unknown
KNS42,central_nervous_system,glioma,NS,M,Unknown
KYSE520,oesophagus,carcinoma,squamous_cell_carcinoma,F,Unknown
KYSE270,oesophagus,carcinoma,squamous_cell_carcinoma,M,Unknown
JHUEM1,endometrium,carcinoma,adenocarcinoma,F,Unknown
YH13,central_nervous_system,glioma,astrocytoma_Grade_IV,M,Unknown
IALM,lung,carcinoma,large_cell_carcinoma,M,Unknown
NCIH2052,pleura,mesothelioma,NS,M,Unknown
EB2,haematopoietic_and_lymphoid_tissue,lymphoid_neoplasm,Burkitt_lymphoma,F,Unknown
SKNFI,autonomic_ganglia,neuroblastoma,NS,M,Unknown
SKNAS,autonomic_ganglia,neuroblastoma,NS,F,Unknown
GA10,haematopoietic_and_lymphoid_tissue,lymphoid_neoplasm,Burkitt_lymphoma,M,Unknown
SNU398,liver,carcinoma,hepatocellular_carcinoma,M,Unknown
SNU423,liver,carcinoma,hepatocellular_carcinoma,M,Unknown
SCC4,upper_aerodigestive_tract,carcinoma,squamous_cell_carcinoma,M,Unknown
EB1,haematopoietic_and_lymphoid_tissue,lymphoid_neoplasm,Burkitt_lymphoma,F,Unknown
HCC1187,breast,carcinoma,ductal_carcinoma,F,Unknown
SNU387,liver,carcinoma,hepatocellular_carcinoma,F,Unknown
DAUDI,haematopoietic_and_lymphoid_tissue,lymphoid_neoplasm,Burkitt_lymphoma,M,Unknown
HT,haematopoietic_and_lymphoid_tissue,lymphoid_neoplasm,B_cell_lymphoma_unspecified,M,Unknown
MJ,haematopoietic_and_lymphoid_tissue,lymphoid_neoplasm,mycosis_fungoides-Sezary_syndrome,M,Unknown
JM1,haematopoietic_and_lymphoid_tissue,lymphoid_neoplasm,B_cell_lymphoma_unspecified,NA,Unknown
C2BBE1,large_intestine,carcinoma,adenocarcinoma,M,Unknown
SKES1,bone,Ewings_sarcoma-peripheral_primitive_neuroectodermal_tumour,NS,M,Unknown
EPLC272H,lung,carcinoma,squamous_cell_carcinoma,M,Unknown
BXPC3,pancreas,carcinoma,ductal_carcinoma,F,Unknown
NCIH1355,lung,carcinoma,adenocarcinoma,M,Unknown
SNU5,stomach,carcinoma,undifferentiated_adenocarcinoma,F,Unknown
SNU475,liver,carcinoma,hepatocellular_carcinoma,M,Unknown
HEC251,endometrium,carcinoma,adenocarcinoma,F,Unknown
GCIY,stomach,carcinoma,adenocarcinoma,F,Unknown
SH10TC,stomach,carcinoma,NS,NA,Unknown
CAOV4,ovary,carcinoma,adenocarcinoma,F,Unknown
HCC2218,breast,carcinoma,ductal_carcinoma,F,Unknown
KMS21BM,haematopoietic_and_lymphoid_tissue,lymphoid_neoplasm,plasma_cell_myeloma,M,Unknown
KMS26,haematopoietic_and_lymphoid_tissue,lymphoid_neoplasm,plasma_cell_myeloma,M,Unknown
KMS27,haematopoietic_and_lymphoid_tissue,lymphoid_neoplasm,plasma_cell_myeloma,M,Unknown
KO52,haematopoietic_and_lymphoid_tissue,haematopoietic_neoplasm,acute_myeloid_leukaemia,M,Unknown
KMS28BM,haematopoietic_and_lymphoid_tissue,lymphoid_neoplasm,plasma_cell_myeloma,F,Unknown
KNS60,central_nervous_system,glioma,astrocytoma_Grade_IV,M,Unknown
KNS81,central_nervous_system,glioma,astrocytoma_Grade_IV,M,Unknown
KPNSI9S,autonomic_ganglia,neuroblastoma,NS,M,Unknown
LU99,lung,carcinoma,large_cell_carcinoma,M,Unknown
KMS34,haematopoietic_and_lymphoid_tissue,lymphoid_neoplasm,plasma_cell_myeloma,F,Unknown
MKN1,stomach,carcinoma,mixed_adenosquamous_carcinoma,M,Unknown
MKN74,stomach,carcinoma,tubular_adenocarcinoma,M,Unknown
KP3,pancreas,carcinoma,ductal_carcinoma,NA,Unknown
NCO2,haematopoietic_and_lymphoid_tissue,haematopoietic_neoplasm,chronic_myeloid_leukaemia,F,Unknown
KHM1B,haematopoietic_and_lymphoid_tissue,lymphoid_neoplasm,plasma_cell_myeloma,M,Unknown
HSC2,upper_aerodigestive_tract,carcinoma,squamous_cell_carcinoma,M,Unknown
KG1C,central_nervous_system,glioma,astrocytoma_Grade_IV,M,Unknown
HUH7,liver,carcinoma,hepatocellular_carcinoma,M,Unknown
KMBC2,urinary_tract,carcinoma,NS,NA,Unknown
KMRC20,kidney,carcinoma,renal_cell_carcinoma,NA,Unknown
HUCCT1,biliary_tract,carcinoma,NS,M,Unknown
KIJK,haematopoietic_and_lymphoid_tissue,lymphoid_neoplasm,anaplastic_large_cell_lymphoma,M,Unknown
A4FUK,haematopoietic_and_lymphoid_tissue,lymphoid_neoplasm,diffuse_large_B_cell_lymphoma,F,Unknown
KALS1,central_nervous_system,glioma,NS,F,Unknown
HEC108,endometrium,carcinoma,adenocarcinoma,F,Unknown
HEL9217,haematopoietic_and_lymphoid_tissue,haematopoietic_neoplasm,acute_myeloid_leukaemia,M,Unknown
HUH28,biliary_tract,carcinoma,NS,NA,Unknown
CMK115,haematopoietic_and_lymphoid_tissue,haematopoietic_neoplasm,acute_myeloid_leukaemia,NA,Unknown
HEC265,endometrium,carcinoma,adenocarcinoma,F,Unknown
CAL12T,lung,carcinoma,non_small_cell_carcinoma,M,Unknown
THP1,haematopoietic_and_lymphoid_tissue,haematopoietic_neoplasm,acute_myeloid_leukaemia,M,Unknown
A3KAW,haematopoietic_and_lymphoid_tissue,lymphoid_neoplasm,diffuse_large_B_cell_lymphoma,F,Unknown
SKNSH,autonomic_ganglia,neuroblastoma,NS,F,Unknown
HCC1954,breast,carcinoma,ductal_carcinoma,F,Unknown
CAMA1,breast,carcinoma,NS,F,Unknown
HEC6,endometrium,carcinoma,adenocarcinoma,F,Unknown
AM38,central_nervous_system,glioma,astrocytoma_Grade_IV,M,Unknown
HEC50B,endometrium,carcinoma,adenocarcinoma,F,Unknown
HSC3,upper_aerodigestive_tract,carcinoma,squamous_cell_carcinoma,M,Unknown
HSC4,upper_aerodigestive_tract,carcinoma,squamous_cell_carcinoma,M,Unknown
KMS11,haematopoietic_and_lymphoid_tissue,lymphoid_neoplasm,plasma_cell_myeloma,F,Unknown
KP4,pancreas,carcinoma,ductal_carcinoma,M,Unknown
KE39,stomach,carcinoma,NS,M,Unknown
COV504,ovary,carcinoma,NS,F,Unknown
KE97,haematopoietic_and_lymphoid_tissue,lymphoid_neoplasm,plasma_cell_myeloma,M,Unknown
VMRCRCW,kidney,carcinoma,NS,M,Unknown
HGC27,stomach,carcinoma,undifferentiated_adenocarcinoma,NA,Unknown
LUDLU1,lung,carcinoma,squamous_cell_carcinoma,M,Unknown
HUG1N,stomach,carcinoma,NS,M,Unknown
U266B1,haematopoietic_and_lymphoid_tissue,lymphoid_neoplasm,plasma_cell_myeloma,M,Unknown
NUGC4,stomach,carcinoma,signet_ring_adenocarcinoma,NA,Unknown
HMC18,breast,carcinoma,NS,F,Unknown
CAS1,central_nervous_system,glioma,astrocytoma_Grade_IV,M,Unknown
KMM1,haematopoietic_and_lymphoid_tissue,lymphoid_neoplasm,plasma_cell_myeloma,M,Unknown
DMS53,lung,carcinoma,small_cell_carcinoma,M,Unknown
SW1116,large_intestine,carcinoma,adenocarcinoma,M,Unknown
NCIH1694,lung,carcinoma,small_cell_carcinoma,M,Unknown
P3HR1,haematopoietic_and_lymphoid_tissue,lymphoid_neoplasm,Burkitt_lymphoma,M,Unknown
HUT78,haematopoietic_and_lymphoid_tissue,lymphoid_neoplasm,mycosis_fungoides-Sezary_syndrome,M,Unknown
UMUC3,urinary_tract,carcinoma,transitional_cell_carcinoma,M,Unknown
HOS,bone,osteosarcoma,NS,F,Unknown
HUNS1,haematopoietic_and_lymphoid_tissue,lymphoid_neoplasm,plasma_cell_myeloma,M,Unknown
AML193,haematopoietic_and_lymphoid_tissue,haematopoietic_neoplasm,acute_myeloid_leukaemia,F,Unknown
RVH421,skin,malignant_melanoma,NS,M,Unknown
NCIH1184,lung,carcinoma,small_cell_carcinoma,M,Unknown
HCC2157,breast,carcinoma,ductal_carcinoma,F,Unknown
TC71,bone,Ewings_sarcoma-peripheral_primitive_neuroectodermal_tumour,NS,M,Unknown
NCIH2227,lung,carcinoma,small_cell_carcinoma,M,Unknown
COLO205,large_intestine,carcinoma,adenocarcinoma,M,Unknown
SNU449,liver,carcinoma,hepatocellular_carcinoma,M,Unknown
NCIH28,pleura,mesothelioma,NS,M,Unknown
OV56,ovary,carcinoma,NS,F,Unknown
JHOS4,ovary,carcinoma,adenocarcinoma,F,Unknown
KYSE450,oesophagus,carcinoma,squamous_cell_carcinoma,M,Unknown
RMUGS,ovary,carcinoma,adenocarcinoma,F,Unknown
KLE,endometrium,carcinoma,adenocarcinoma,F,Unknown
HS895T,skin,malignant_melanoma,NS,F,Unknown
LN229,central_nervous_system,glioma,astrocytoma_Grade_IV,F,Unknown
P31FUJ,haematopoietic_and_lymphoid_tissue,haematopoietic_neoplasm,acute_myeloid_leukaemia,M,Unknown
RKN,soft_tissue,leiomyosarcoma,NS,F,Unknown
PATU8988S,pancreas,carcinoma,ductal_carcinoma,F,Unknown
NH6,autonomic_ganglia,neuroblastoma,NS,NA,Unknown
SF126,central_nervous_system,glioma,astrocytoma,NA,Unknown
RERFLCAD2,lung,carcinoma,adenocarcinoma,M,Unknown
OUMS23,large_intestine,carcinoma,adenocarcinoma,NA,Unknown
SNGM,endometrium,carcinoma,adenocarcinoma,F,Unknown
OUMS27,bone,chondrosarcoma,NS,M,Unknown
PL45,pancreas,carcinoma,ductal_carcinoma,M,Unknown
NCIH2347,lung,carcinoma,adenocarcinoma,F,Unknown
SW1990,pancreas,carcinoma,ductal_carcinoma,M,Unknown
HS940T,skin,malignant_melanoma,NS,M,Unknown
HS611T,haematopoietic_and_lymphoid_tissue,lymphoid_neoplasm,Hodgkin_lymphoma,F,Unknown
TOLEDO,haematopoietic_and_lymphoid_tissue,lymphoid_neoplasm,diffuse_large_B_cell_lymphoma,F,Unknown
RERFGC1B,stomach,carcinoma,NS,M,Unknown
HT1080,soft_tissue,fibrosarcoma,NS,M,Unknown
NCIH2087,lung,carcinoma,adenocarcinoma,M,Unknown
COV318,ovary,carcinoma,NS,F,Unknown
NCIH2085,lung,carcinoma,adenocarcinoma,M,Unknown
NCIH510,lung,carcinoma,small_cell_carcinoma,M,Unknown
CAKI1,kidney,carcinoma,clear_cell_renal_cell_carcinoma,M,Unknown
NCIH716,large_intestine,carcinoma,adenocarcinoma,NA,Unknown
NCIH2066,lung,carcinoma,small_cell_carcinoma,F,Unknown
NCIH1341,lung,carcinoma,small_cell_carcinoma,F,Unknown
NCIH2029,lung,carcinoma,small_cell_carcinoma,F,Unknown
C3A,liver,carcinoma,hepatocellular_carcinoma,M,Unknown
SW480,large_intestine,carcinoma,adenocarcinoma,M,Unknown
HS746T,stomach,carcinoma,NS,M,Unknown
LU65,lung,carcinoma,non_small_cell_carcinoma,M,Unknown
HS739T,breast,carcinoma,NS,F,Unknown
SNUC2A,large_intestine,carcinoma,adenocarcinoma,F,Unknown
HEC151,endometrium,carcinoma,adenocarcinoma,F,Unknown
MSTO211H,pleura,mesothelioma,NS,M,Unknown
RAJI,haematopoietic_and_lymphoid_tissue,lymphoid_neoplasm,Burkitt_lymphoma,M,Unknown
SKMEL1,skin,malignant_melanoma,NS,M,Unknown
SUPT1,haematopoietic_and_lymphoid_tissue,lymphoid_neoplasm,acute_lymphoblastic_T_cell_leukaemia,M,Unknown
JHH7,liver,carcinoma,hepatocellular_carcinoma,M,Unknown
HUT102,haematopoietic_and_lymphoid_tissue,lymphoid_neoplasm,mycosis_fungoides-Sezary_syndrome,M,Unknown
5637,urinary_tract,carcinoma,NS,M,Unknown
HCC38,breast,carcinoma,ductal_carcinoma,F,Unknown
DU4475,breast,carcinoma,ductal_carcinoma,F,Unknown
NCIH1573,lung,carcinoma,adenocarcinoma,F,Unknown
NCIH508,large_intestine,carcinoma,adenocarcinoma,M,Unknown
NCIH1651,lung,carcinoma,adenocarcinoma,M,Unknown
SKUT1,soft_tissue,leiomyosarcoma,NS,F,Unknown
MDAMB175VII,breast,carcinoma,ductal_carcinoma,F,Unknown
SUPB15,haematopoietic_and_lymphoid_tissue,lymphoid_neoplasm,acute_lymphoblastic_B_cell_leukaemia,M,Unknown
BECKER,central_nervous_system,glioma,astrocytoma_Grade_IV,M,Unknown
NCIH226,lung,carcinoma,squamous_cell_carcinoma,M,Unknown
NCIH1666,lung,carcinoma,bronchioloalveolar_adenocarcinoma,F,Unknown
SW1783,central_nervous_system,glioma,astrocytoma_Grade_III,M,Unknown
ISTMES1,pleura,mesothelioma,NS,F,Unknown
NCIH1734,lung,carcinoma,adenocarcinoma,F,Unknown
NCIH2342,lung,carcinoma,adenocarcinoma,M,Unknown
EBC1,lung,carcinoma,squamous_cell_carcinoma,M,Unknown
YMB1,breast,carcinoma,NS,F,Unknown
OC316,ovary,carcinoma,adenocarcinoma,F,Unknown
HS936T,skin,malignant_melanoma,NS,M,Unknown
T173,bone,osteosarcoma,NS,NA,Unknown
NCIH322,lung,carcinoma,adenocarcinoma,M,Unknown
HS618T,lung,carcinoma,adenocarcinoma,F,Unknown
HS870T,bone,osteosarcoma,NS,NA,Unknown
HS706T,bone,giant_cell_tumour,NS,F,Unknown
PANC1,pancreas,carcinoma,ductal_carcinoma,NA,Unknown
NCIH2291,lung,carcinoma,adenocarcinoma,M,Unknown
T47D,breast,carcinoma,ductal_carcinoma,F,Unknown
CPCN,lung,carcinoma,small_cell_carcinoma,NA,Unknown
T3M10,lung,carcinoma,large_cell_carcinoma,M,Unknown
NUGC2,stomach,carcinoma,adenocarcinoma,F,Unknown
PLCPRF5,liver,carcinoma,hepatocellular_carcinoma,M,Unknown
KPNYN,autonomic_ganglia,neuroblastoma,NS,NA,Unknown
CCFSTTG1,central_nervous_system,glioma,astrocytoma,F,Unknown
NCIH929,haematopoietic_and_lymphoid_tissue,lymphoid_neoplasm,plasma_cell_myeloma,F,Unknown
KMRC3,kidney,carcinoma,clear_cell_renal_cell_carcinoma,NA,Unknown
NCIH2023,lung,carcinoma,adenocarcinoma,M,Unknown
DMS153,lung,carcinoma,small_cell_carcinoma,M,Unknown
NCIH1048,lung,carcinoma,small_cell_carcinoma,F,Unknown
D341MED,central_nervous_system,primitive_neuroectodermal_tumour-medulloblastoma,NS,M,Unknown
NCIH660,prostate,carcinoma,small_cell_carcinoma,M,Unknown
NCIH1618,lung,carcinoma,small_cell_carcinoma,F,Unknown
HS675T,large_intestine,carcinoma,NS,M,Unknown
PEER,haematopoietic_and_lymphoid_tissue,lymphoid_neoplasm,acute_lymphoblastic_T_cell_leukaemia,F,Unknown
SKM1,haematopoietic_and_lymphoid_tissue,haematopoietic_neoplasm,acute_myeloid_leukaemia,M,Unknown
HT144,skin,malignant_melanoma,NS,M,Unknown
SKMEL31,skin,malignant_melanoma,NS,F,Unknown
HS839T,skin,malignant_melanoma,NS,F,Unknown
HS939T,skin,malignant_melanoma,NS,F,Unknown
OCILY3,haematopoietic_and_lymphoid_tissue,lymphoid_neoplasm,diffuse_large_B_cell_lymphoma,NA,Unknown
HS819T,bone,chondrosarcoma,NS,M,Unknown
NCIH69,lung,carcinoma,small_cell_carcinoma,M,Unknown
DV90,lung,carcinoma,adenocarcinoma,M,Unknown
ZR751,breast,carcinoma,ductal_carcinoma,F,Unknown
KG1,haematopoietic_and_lymphoid_tissue,haematopoietic_neoplasm,acute_myeloid_leukaemia,M,Unknown
SKNBE2,autonomic_ganglia,neuroblastoma,NS,M,Unknown
HCC70,breast,carcinoma,ductal_carcinoma,F,Unknown
NCIH2452,pleura,mesothelioma,NS,M,Unknown
SNU1,stomach,carcinoma,undifferentiated_adenocarcinoma,M,Unknown
LOUCY,haematopoietic_and_lymphoid_tissue,lymphoid_neoplasm,acute_lymphoblastic_T_cell_leukaemia,F,Unknown
HCC56,large_intestine,carcinoma,adenocarcinoma,NA,Unknown
NCIH1648,lung,carcinoma,adenocarcinoma,M,Unknown
TO175T,haematopoietic_and_lymphoid_tissue,lymphoid_neoplasm,Hodgkin_lymphoma,M,Unknown
MPP89,pleura,mesothelioma,NS,M,Unknown
PANC0813,pancreas,carcinoma,ductal_carcinoma,M,Unknown
MG63,bone,osteosarcoma,NS,M,Unknown
PK1,pancreas,carcinoma,NS,NA,Unknown
HS840T,upper_aerodigestive_tract,other,papilloma,M,Unknown
NCIH23,lung,carcinoma,non_small_cell_carcinoma,M,Unknown
TE617T,soft_tissue,rhabdomyosarcoma,NS,F,Unknown
SW1088,central_nervous_system,glioma,NS,M,Unknown
ISTMES2,pleura,mesothelioma,NS,M,Unknown
NCIH1373,lung,carcinoma,adenocarcinoma,M,Unknown
NCIH1930,lung,carcinoma,small_cell_carcinoma,M,Unknown
NCIH1623,lung,carcinoma,adenocarcinoma,M,Unknown
HS229T,lung,carcinoma,adenocarcinoma,M,Unknown
NCIH1838,lung,carcinoma,non_small_cell_carcinoma,F,Unknown
NCIH1836,lung,carcinoma,small_cell_carcinoma,M,Unknown
HS688AT,skin,malignant_melanoma,NS,M,Unknown
PANC0504,pancreas,carcinoma,NS,F,Unknown
HS822T,bone,Ewings_sarcoma-peripheral_primitive_neuroectodermal_tumour,NS,F,Unknown
BL70,haematopoietic_and_lymphoid_tissue,lymphoid_neoplasm,Burkitt_lymphoma,M,Unknown
CI1,haematopoietic_and_lymphoid_tissue,lymphoid_neoplasm,B_cell_lymphoma_unspecified,F,Unknown
G292CLONEA141B1,bone,osteosarcoma,NS,F,Unknown
RCM1,large_intestine,carcinoma,adenocarcinoma,NA,Unknown
HS737T,bone,other,giant_cell_tumour,F,Unknown
HS616T,haematopoietic_and_lymphoid_tissue,lymphoid_neoplasm,Hodgkin_lymphoma,M,Unknown
HS600T,skin,malignant_melanoma,NS,NA,Unknown
TE159T,soft_tissue,rhabdomyosarcoma,NS,M,Unknown
A101D,skin,malignant_melanoma,NS,M,Unknown
NCIH1755,lung,carcinoma,adenocarcinoma,F,Unknown
143B,bone,osteosarcoma,NS,F,Unknown
RERFLCKJ,lung,carcinoma,non_small_cell_carcinoma,M,Unknown
NCIH1693,lung,carcinoma,adenocarcinoma,F,Unknown
SW780,urinary_tract,carcinoma,transitional_cell_carcinoma,F,Unknown
HS683,central_nervous_system,glioma,NS,M,Unknown
RKO,large_intestine,carcinoma,adenocarcinoma,NA,Unknown
HS729,soft_tissue,rhabdomyosarcoma,NS,M,Unknown
JHOS2,ovary,carcinoma,adenocarcinoma,F,Unknown
MCF7,breast,carcinoma,NS,F,Unknown
U937,haematopoietic_and_lymphoid_tissue,lymphoid_neoplasm,diffuse_large_B_cell_lymphoma,M,Unknown
SKLMS1,soft_tissue,sarcoma,NS,F,Unknown
HUTU80,small_intestine,carcinoma,adenocarcinoma,NA,Unknown
HCC202,breast,carcinoma,ductal_carcinoma,F,Unknown
MEG01,haematopoietic_and_lymphoid_tissue,haematopoietic_neoplasm,blast_phase_chronic_myeloid_leukaemia,M,Unknown
REH,haematopoietic_and_lymphoid_tissue,lymphoid_neoplasm,acute_lymphoblastic_B_cell_leukaemia,NA,Unknown
ONS76,central_nervous_system,primitive_neuroectodermal_tumour-medulloblastoma,NS,F,Unknown
SNUC1,large_intestine,carcinoma,adenocarcinoma,M,Unknown
SKNDZ,autonomic_ganglia,neuroblastoma,NS,F,Unknown
DMS114,lung,carcinoma,small_cell_carcinoma,M,Unknown
TT-1,oesophagus,carcinoma,squamous_cell_carcinoma,M,Unknown
OCILY10,haematopoietic_and_lymphoid_tissue,lymphoid_neoplasm,diffuse_large_B_cell_lymphoma,NA,Unknown
ST486,haematopoietic_and_lymphoid_tissue,lymphoid_neoplasm,Burkitt_lymphoma,F,Unknown
OC315,ovary,carcinoma,serous_carcinoma,F,Unknown
OC314,ovary,carcinoma,serous_carcinoma,F,Unknown
SW1353,bone,chondrosarcoma,NS,F,Unknown
MDAMB157,breast,carcinoma,ductal_carcinoma,F,Unknown
SCLC21H,lung,carcinoma,small_cell_carcinoma,M,Unknown
CALU3,lung,carcinoma,adenocarcinoma,M,Unknown
NCIH1435,lung,carcinoma,non_small_cell_carcinoma,F,Unknown
NCIH2009,lung,carcinoma,adenocarcinoma,F,Unknown
NCIH1869,lung,carcinoma,squamous_cell_carcinoma,M,Unknown
HS852T,skin,malignant_melanoma,NS,M,Unknown
HCC1419,breast,carcinoma,ductal_carcinoma,F,Unknown
BT483,breast,carcinoma,ductal_carcinoma,F,Unknown
HS281T,breast,carcinoma,NS,F,Unknown
HS934T,skin,malignant_melanoma,NS,F,Unknown
HCC4006,lung,carcinoma,adenocarcinoma,M,Unknown
HCC1428,breast,carcinoma,NS,F,Unknown
KU812,haematopoietic_and_lymphoid_tissue,haematopoietic_neoplasm,chronic_myeloid_leukaemia,M,Unknown
SHP77,lung,carcinoma,small_cell_carcinoma,M,Unknown
TE441T,soft_tissue,rhabdomyosarcoma,NS,F,Unknown
NB1,autonomic_ganglia,neuroblastoma,NS,M,Unknown
HS274T,breast,carcinoma,NS,F,Unknown
PFEIFFER,haematopoietic_and_lymphoid_tissue,lymphoid_neoplasm,diffuse_large_B_cell_lymphoma,M,Unknown
ZR7530,breast,carcinoma,ductal_carcinoma,F,Unknown
HS863T,bone,Ewings_sarcoma-peripheral_primitive_neuroectodermal_tumour,NS,F,Unknown
NCIH841,lung,carcinoma,small_cell_carcinoma,M,Unknown
HS821T,bone,giant_cell_tumour,NS,F,Unknown
NCIH1944,lung,carcinoma,non_small_cell_carcinoma,F,Unknown
NCIH2405,lung,carcinoma,adenocarcinoma,M,Unknown
DEL,haematopoietic_and_lymphoid_tissue,lymphoid_neoplasm,NS,M,Unknown
BEN,lung,carcinoma,NS,M,Unknown
COLO320,large_intestine,carcinoma,adenocarcinoma,F,Unknown
RPMI8402,haematopoietic_and_lymphoid_tissue,lymphoid_neoplasm,acute_lymphoblastic_T_cell_leukaemia,F,Unknown
SUDHL1,haematopoietic_and_lymphoid_tissue,lymphoid_neoplasm,anaplastic_large_cell_lymphoma,M,Unknown
P12ICHIKAWA,haematopoietic_and_lymphoid_tissue,lymphoid_neoplasm,acute_lymphoblastic_T_cell_leukaemia,M,Unknown
BFTC905,urinary_tract,carcinoma,transitional_cell_carcinoma,F,Unknown
BFTC909,kidney,carcinoma,NS,M,Unknown
MHHES1,bone,Ewings_sarcoma-peripheral_primitive_neuroectodermal_tumour,NS,M,Unknown
JVM3,haematopoietic_and_lymphoid_tissue,lymphoid_neoplasm,chronic_lymphocytic_leukaemia-small_lymphocytic_lymphoma,M,Unknown
NOMO1,haematopoietic_and_lymphoid_tissue,haematopoietic_neoplasm,acute_myeloid_leukaemia,F,Unknown
NCIH727,lung,carcinoid-endocrine_tumour,NS,F,Unknown
HS343T,breast,carcinoma,NS,F,Unknown
HCC2935,lung,carcinoma,non_small_cell_carcinoma,M,Unknown
HS888T,bone,osteosarcoma,NS,M,Unknown
MKN45,stomach,carcinoma,diffuse_adenocarcinoma,F,Unknown
8505C,thyroid,carcinoma,anaplastic_carcinoma,F,Unknown
KU1919,urinary_tract,carcinoma,transitional_cell_carcinoma,M,Unknown
KCL22,haematopoietic_and_lymphoid_tissue,haematopoietic_neoplasm,blast_phase_chronic_myeloid_leukaemia,F,Unknown
CADOES1,bone,Ewings_sarcoma-peripheral_primitive_neuroectodermal_tumour,NS,F,Unknown
S117,soft_tissue,sarcoma,NS,F,Unknown
EM2,haematopoietic_and_lymphoid_tissue,haematopoietic_neoplasm,blast_phase_chronic_myeloid_leukaemia,F,Unknown
COLO677,haematopoietic_and_lymphoid_tissue,lymphoid_neoplasm,plasma_cell_myeloma,M,Unknown
OPM2,haematopoietic_and_lymphoid_tissue,lymphoid_neoplasm,plasma_cell_myeloma,F,Unknown
CAL62,thyroid,carcinoma,anaplastic_carcinoma,F,Unknown
LCLC103H,lung,carcinoma,large_cell_carcinoma,M,Unknown
JURKAT,haematopoietic_and_lymphoid_tissue,lymphoid_neoplasm,acute_lymphoblastic_T_cell_leukaemia,M,Unknown
697,haematopoietic_and_lymphoid_tissue,lymphoid_neoplasm,acute_lymphoblastic_B_cell_leukaemia,M,Unknown
MHHCALL2,haematopoietic_and_lymphoid_tissue,lymphoid_neoplasm,acute_lymphoblastic_B_cell_leukaemia,F,Unknown
M07E,haematopoietic_and_lymphoid_tissue,haematopoietic_neoplasm,acute_myeloid_leukaemia,F,Unknown
L428,haematopoietic_and_lymphoid_tissue,lymphoid_neoplasm,Hodgkin_lymphoma,F,Unknown
MOLT16,haematopoietic_and_lymphoid_tissue,lymphoid_neoplasm,acute_lymphoblastic_T_cell_leukaemia,F,Unknown
NB4,haematopoietic_and_lymphoid_tissue,haematopoietic_neoplasm,acute_myeloid_leukaemia,F,Unknown
LCLC97TM1,lung,carcinoma,large_cell_carcinoma,M,Unknown
2313287,stomach,carcinoma,adenocarcinoma,M,Unknown
BHT101,thyroid,carcinoma,anaplastic_carcinoma,F,Unknown
JVM2,haematopoietic_and_lymphoid_tissue,lymphoid_neoplasm,chronic_lymphocytic_leukaemia-small_lymphocytic_lymphoma,F,Unknown
CAL51,breast,carcinoma,NS,F,Unknown
L363,haematopoietic_and_lymphoid_tissue,lymphoid_neoplasm,plasma_cell_myeloma,F,Unknown
KMH2,haematopoietic_and_lymphoid_tissue,lymphoid_neoplasm,Hodgkin_lymphoma,M,Unknown
SIMA,autonomic_ganglia,neuroblastoma,NS,M,Unknown
NUDUL1,haematopoietic_and_lymphoid_tissue,lymphoid_neoplasm,B_cell_lymphoma_unspecified,M,Unknown
BC3C,urinary_tract,carcinoma,transitional_cell_carcinoma,F,Unknown
SUDHL6,haematopoietic_and_lymphoid_tissue,lymphoid_neoplasm,diffuse_large_B_cell_lymphoma,M,Unknown
KARPAS620,haematopoietic_and_lymphoid_tissue,lymphoid_neoplasm,plasma_cell_myeloma,F,Unknown
REC1,haematopoietic_and_lymphoid_tissue,lymphoid_neoplasm,mantle_cell_lymphoma,M,Unknown
OCIM1,haematopoietic_and_lymphoid_tissue,haematopoietic_neoplasm,acute_myeloid_leukaemia,NA,Unknown
MEC1,haematopoietic_and_lymphoid_tissue,lymphoid_neoplasm,chronic_lymphocytic_leukaemia-small_lymphocytic_lymphoma,M,Unknown
SIGM5,haematopoietic_and_lymphoid_tissue,haematopoietic_neoplasm,acute_myeloid_leukaemia,M,Unknown
SUDHL5,haematopoietic_and_lymphoid_tissue,lymphoid_neoplasm,diffuse_large_B_cell_lymphoma,F,Unknown
BCPAP,thyroid,carcinoma,papillary_carcinoma,F,Unknown
639V,urinary_tract,carcinoma,transitional_cell_carcinoma,M,Unknown
CL11,large_intestine,carcinoma,adenocarcinoma,NA,Unknown
TT2609C02,thyroid,carcinoma,follicular_carcinoma,M,Unknown
MEC2,haematopoietic_and_lymphoid_tissue,lymphoid_neoplasm,chronic_lymphocytic_leukaemia-small_lymphocytic_lymphoma,M,Unknown
CL34,large_intestine,carcinoma,adenocarcinoma,F,Unknown
RCHACV,haematopoietic_and_lymphoid_tissue,lymphoid_neoplasm,acute_lymphoblastic_B_cell_leukaemia,F,Unknown
CAL120,breast,carcinoma,NS,F,Unknown
647V,urinary_tract,carcinoma,transitional_cell_carcinoma,M,Unknown
RH18,soft_tissue,rhabdomyosarcoma,alveolar,NA,Unknown
MOLM16,haematopoietic_and_lymphoid_tissue,haematopoietic_neoplasm,acute_myeloid_leukaemia,F,Unknown
F36P,haematopoietic_and_lymphoid_tissue,haematopoietic_neoplasm,acute_myeloid_leukaemia,M,Unknown
EJM,haematopoietic_and_lymphoid_tissue,lymphoid_neoplasm,plasma_cell_myeloma,F,Unknown
WSUDLCL2,haematopoietic_and_lymphoid_tissue,lymphoid_neoplasm,diffuse_large_B_cell_lymphoma,M,Unknown
JIMT1,breast,carcinoma,ductal_carcinoma,F,Unknown
ML1,thyroid,carcinoma,follicular_carcinoma,F,Unknown
AMO1,haematopoietic_and_lymphoid_tissue,lymphoid_neoplasm,plasma_cell_myeloma,F,Unknown
MOLP8,haematopoietic_and_lymphoid_tissue,lymphoid_neoplasm,plasma_cell_myeloma,M,Unknown
MOLP2,haematopoietic_and_lymphoid_tissue,lymphoid_neoplasm,plasma_cell_myeloma,M,Unknown
SCC25,upper_aerodigestive_tract,carcinoma,squamous_cell_carcinoma,M,Unknown
UT7,haematopoietic_and_lymphoid_tissue,haematopoietic_neoplasm,acute_myeloid_leukaemia,M,Unknown
MHHNB11,autonomic_ganglia,neuroblastoma,NS,M,Unknown
HCC1806,breast,carcinoma,ductal_carcinoma,F,Unknown
GRANTA519,haematopoietic_and_lymphoid_tissue,lymphoid_neoplasm,mantle_cell_lymphoma,F,Unknown
MONOMAC6,haematopoietic_and_lymphoid_tissue,haematopoietic_neoplasm,acute_myeloid_leukaemia,M,Unknown
MKN7,stomach,carcinoma,tubular_adenocarcinoma,M,Unknown
SW1710,urinary_tract,carcinoma,transitional_cell_carcinoma,F,Unknown
MOLT13,haematopoietic_and_lymphoid_tissue,lymphoid_neoplasm,acute_lymphoblastic_T_cell_leukaemia,F,Unknown
SR786,haematopoietic_and_lymphoid_tissue,lymphoid_neoplasm,anaplastic_large_cell_lymphoma,M,Unknown
SCC15,upper_aerodigestive_tract,carcinoma,squamous_cell_carcinoma,M,Unknown
RS5,pleura,mesothelioma,NS,M,Unknown
NCIH2126,lung,carcinoma,adenocarcinoma,M,Unknown
NCIH2141,lung,carcinoma,small_cell_carcinoma,M,Unknown
NCIH1385,lung,carcinoma,squamous_cell_carcinoma,F,Unknown
HCC827,lung,carcinoma,adenocarcinoma,F,Unknown
RD,soft_tissue,rhabdomyosarcoma,embryonal,F,Unknown
TT-2,thyroid,carcinoma,medullary_carcinoma,F,Unknown
TF1,haematopoietic_and_lymphoid_tissue,haematopoietic_neoplasm,acute_myeloid_leukaemia,M,Unknown
HS172T,urinary_tract,carcinoma,NS,M,Unknown
HS834T,skin,malignant_melanoma,NS,F,Unknown
TE125T,soft_tissue,rhabdomyosarcoma,NS,F,Unknown
8305C,thyroid,carcinoma,anaplastic_carcinoma,F,Unknown
UACC812,breast,carcinoma,ductal_carcinoma,F,Unknown
ALLSIL,haematopoietic_and_lymphoid_tissue,lymphoid_neoplasm,acute_lymphoblastic_T_cell_leukaemia,M,Unknown
KASUMI2,haematopoietic_and_lymphoid_tissue,lymphoid_neoplasm,acute_lymphoblastic_B_cell_leukaemia,M,Unknown
DND41,haematopoietic_and_lymphoid_tissue,lymphoid_neoplasm,acute_lymphoblastic_T_cell_leukaemia,M,Unknown
ME1,haematopoietic_and_lymphoid_tissue,haematopoietic_neoplasm,acute_myeloid_leukaemia,M,Unknown
DM3,pleura,mesothelioma,NS,M,Unknown
JEKO1,haematopoietic_and_lymphoid_tissue,lymphoid_neoplasm,mantle_cell_lymphoma,F,Unknown
JJN3,haematopoietic_and_lymphoid_tissue,lymphoid_neoplasm,plasma_cell_myeloma,F,Unknown
NUDHL1,haematopoietic_and_lymphoid_tissue,lymphoid_neoplasm,diffuse_large_B_cell_lymphoma,M,Unknown
CL14,large_intestine,carcinoma,NS,M,Unknown
KYO1,haematopoietic_and_lymphoid_tissue,haematopoietic_neoplasm,blast_phase_chronic_myeloid_leukaemia,M,Unknown
JL1,pleura,mesothelioma,NS,M,Unknown
CAL148,breast,carcinoma,ductal_carcinoma,F,Unknown
NALM19,haematopoietic_and_lymphoid_tissue,lymphoid_neoplasm,acute_lymphoblastic_B_cell_leukaemia,M,Unknown
HPBALL,haematopoietic_and_lymphoid_tissue,lymphoid_neoplasm,acute_lymphoblastic_T_cell_leukaemia,M,Unknown
SUPT11,haematopoietic_and_lymphoid_tissue,lymphoid_neoplasm,peripheral_T_cell_lymphoma_unspecified,M,Unknown
CL40,large_intestine,carcinoma,NS,F,Unknown
MDAMB134VI,breast,carcinoma,ductal_carcinoma,F,Unknown
HCC1500,breast,carcinoma,ductal_carcinoma,F,Unknown
HCC1599,breast,carcinoma,ductal_carcinoma,F,Unknown
SUPHD1,haematopoietic_and_lymphoid_tissue,lymphoid_neoplasm,Hodgkin_lymphoma,M,Unknown
MOTN1,haematopoietic_and_lymphoid_tissue,lymphoid_neoplasm,T_cell_large_granular_lymphocytic_leukaemia,F,Unknown
OCIAML3,haematopoietic_and_lymphoid_tissue,haematopoietic_neoplasm,acute_myeloid_leukaemia,M,Unknown
SUDHL10,haematopoietic_and_lymphoid_tissue,lymphoid_neoplasm,diffuse_large_B_cell_lymphoma,M,Unknown
SUDHL4,haematopoietic_and_lymphoid_tissue,lymphoid_neoplasm,diffuse_large_B_cell_lymphoma,M,Unknown
RH41,soft_tissue,rhabdomyosarcoma,alveolar,F,Unknown
OCILY19,haematopoietic_and_lymphoid_tissue,lymphoid_neoplasm,diffuse_large_B_cell_lymphoma,F,Unknown
MOLM6,haematopoietic_and_lymphoid_tissue,haematopoietic_neoplasm,blast_phase_chronic_myeloid_leukaemia,M,Unknown
SKMM2,haematopoietic_and_lymphoid_tissue,lymphoid_neoplasm,plasma_cell_myeloma,M,Unknown
KASUMI6,haematopoietic_and_lymphoid_tissue,haematopoietic_neoplasm,acute_myeloid_leukaemia,M,Unknown
HS698T,large_intestine,carcinoma,adenocarcinoma,M,Unknown
UACC893,breast,carcinoma,ductal_carcinoma,F,Unknown
MINO,haematopoietic_and_lymphoid_tissue,lymphoid_neoplasm,mantle_cell_lymphoma,M,Unknown
CHP126,autonomic_ganglia,neuroblastoma,NS,F,Unknown
COLO680N,oesophagus,carcinoma,squamous_cell_carcinoma,F,Unknown
COLO678,large_intestine,carcinoma,adenocarcinoma,M,Unknown
LAMA84,haematopoietic_and_lymphoid_tissue,haematopoietic_neoplasm,blast_phase_chronic_myeloid_leukaemia,F,Unknown
CMLT1,haematopoietic_and_lymphoid_tissue,haematopoietic_neoplasm,blast_phase_chronic_myeloid_leukaemia,F,Unknown
EHEB,haematopoietic_and_lymphoid_tissue,lymphoid_neoplasm,chronic_lymphocytic_leukaemia-small_lymphocytic_lymphoma,F,Unknown
CAL54,kidney,carcinoma,renal_cell_carcinoma,M,Unknown
BV173,haematopoietic_and_lymphoid_tissue,haematopoietic_neoplasm,blast_phase_chronic_myeloid_leukaemia,M,Unknown
DOHH2,haematopoietic_and_lymphoid_tissue,lymphoid_neoplasm,diffuse_large_B_cell_lymphoma,M,Unknown
EOL1,haematopoietic_and_lymphoid_tissue,haematopoietic_neoplasm,acute_myeloid_leukaemia,M,Unknown
NALM6,haematopoietic_and_lymphoid_tissue,lymphoid_neoplasm,acute_lymphoblastic_B_cell_leukaemia,M,Unknown
VMCUB1,urinary_tract,carcinoma,transitional_cell_carcinoma,M,Unknown
LP1,haematopoietic_and_lymphoid_tissue,lymphoid_neoplasm,plasma_cell_myeloma,F,Unknown
LXF289,lung,carcinoma,adenocarcinoma,M,Unknown
MONOMAC1,haematopoietic_and_lymphoid_tissue,haematopoietic_neoplasm,acute_myeloid_leukaemia,M,Unknown
PL21,haematopoietic_and_lymphoid_tissue,haematopoietic_neoplasm,acute_myeloid_leukaemia,M,Unknown
PF382,haematopoietic_and_lymphoid_tissue,lymphoid_neoplasm,acute_lymphoblastic_T_cell_leukaemia,F,Unknown
NALM1,haematopoietic_and_lymphoid_tissue,haematopoietic_neoplasm,blast_phase_chronic_myeloid_leukaemia,F,Unknown
OCIAML2,haematopoietic_and_lymphoid_tissue,haematopoietic_neoplasm,acute_myeloid_leukaemia,M,Unknown
MHHCALL3,haematopoietic_and_lymphoid_tissue,lymphoid_neoplasm,acute_lymphoblastic_B_cell_leukaemia,F,Unknown
JURLMK1,haematopoietic_and_lymphoid_tissue,haematopoietic_neoplasm,blast_phase_chronic_myeloid_leukaemia,M,Unknown
OCIAML5,haematopoietic_and_lymphoid_tissue,haematopoietic_neoplasm,acute_myeloid_leukaemia,M,Unknown
KE37,haematopoietic_and_lymphoid_tissue,lymphoid_neoplasm,acute_lymphoblastic_T_cell_leukaemia,M,Unknown
JK1,haematopoietic_and_lymphoid_tissue,haematopoietic_neoplasm,blast_phase_chronic_myeloid_leukaemia,M,Unknown
RI1,haematopoietic_and_lymphoid_tissue,lymphoid_neoplasm,B_cell_lymphoma_unspecified,F,Unknown
KARPAS422,haematopoietic_and_lymphoid_tissue,lymphoid_neoplasm,diffuse_large_B_cell_lymphoma,NA,Unknown
L540,haematopoietic_and_lymphoid_tissue,lymphoid_neoplasm,Hodgkin_lymphoma,F,Unknown
CAL78,bone,chondrosarcoma,dedifferentiated,M,Unknown
HDQP1,breast,carcinoma,ductal_carcinoma,F,Unknown
MHHCALL4,haematopoietic_and_lymphoid_tissue,lymphoid_neoplasm,acute_lymphoblastic_B_cell_leukaemia,M,Unknown
MUTZ5,haematopoietic_and_lymphoid_tissue,lymphoid_neoplasm,acute_lymphoblastic_B_cell_leukaemia,M,Unknown
ONCODG1,ovary,carcinoma,adenocarcinoma,F,Unknown
HDLM2,haematopoietic_and_lymphoid_tissue,lymphoid_neoplasm,Hodgkin_lymphoma,M,Unknown
CAL29,urinary_tract,carcinoma,transitional_cell_carcinoma,F,Unknown
KOPN8,haematopoietic_and_lymphoid_tissue,lymphoid_neoplasm,acute_lymphoblastic_B_cell_leukaemia,F,Unknown
HCC95,lung,carcinoma,squamous_cell_carcinoma,M,Unknown
253J,urinary_tract,carcinoma,transitional_cell_carcinoma,NA,Unknown
HCC1438,lung,carcinoma,large_cell_carcinoma,M,Unknown
253JBV,urinary_tract,carcinoma,transitional_cell_carcinoma,U,Unknown
RPMI7951,skin,malignant_melanoma,NS,F,Unknown
SNU1066,upper_aerodigestive_tract,carcinoma,squamous_cell_carcinoma,M,Unknown
SNU1041,upper_aerodigestive_tract,carcinoma,NS,NA,Unknown
HCC2108,lung,carcinoma,adenocarcinoma,M,Unknown
COLO783,skin,malignant_melanoma,NS,F,Unknown
HCC1359,lung,carcinoma,large_cell_carcinoma,F,Unknown
BICR31,upper_aerodigestive_tract,carcinoma,squamous_cell_carcinoma,M,Unknown
COV362,ovary,carcinoma,NS,F,Unknown
COLO792,skin,malignant_melanoma,NS,M,Unknown
COV434,ovary,sex_cord-stromal_tumour,granulosa_cell_tumour,F,Unknown
WM983B,skin,malignant_melanoma,NS,NA,Unknown
HS751T,haematopoietic_and_lymphoid_tissue,lymphoid_neoplasm,Hodgkin_lymphoma,NA,Unknown
LS513,large_intestine,carcinoma,adenocarcinoma,M,Unknown
NCIH2110,lung,carcinoma,non_small_cell_carcinoma,NA,Unknown
CHAGOK1,lung,carcinoma,NS,M,Unknown
DMS454,lung,carcinoma,small_cell_carcinoma,M,Unknown
CORL47,lung,carcinoma,small_cell_carcinoma,M,Unknown
FTC238,thyroid,carcinoma,follicular_carcinoma,M,Unknown
DMS273,lung,carcinoma,small_cell_carcinoma,F,Unknown
FTC133,thyroid,carcinoma,follicular_carcinoma,M,Unknown
CORL311,lung,carcinoma,small_cell_carcinoma,M,Unknown
NCIH2286,lung,carcinoma,small_cell_carcinoma,F,Unknown
NCIH1339,lung,carcinoma,small_cell_carcinoma,F,Unknown
WM793,skin,malignant_melanoma,NS,NA,Unknown
A704,kidney,carcinoma,renal_cell_carcinoma,M,Unknown
MDAMB435S,skin,malignant_melanoma,NS,F,Unknown
WM1799,skin,malignant_melanoma,NS,NA,Unknown
MEWO,skin,malignant_melanoma,NS,M,Unknown
WM88,skin,malignant_melanoma,NS,NA,Unknown
NCIH2081,lung,carcinoma,small_cell_carcinoma,F,Unknown
HS255T,large_intestine,carcinoma,adenocarcinoma,F,Unknown
NCIH1092,lung,carcinoma,small_cell_carcinoma,M,Unknown
SW837,large_intestine,carcinoma,adenocarcinoma,M,Unknown
JHH6,liver,carcinoma,hepatocellular_carcinoma,F,Unknown
IGR1,skin,malignant_melanoma,NS,M,Unknown
NCIH1105,lung,carcinoma,small_cell_carcinoma,M,Unknown
NCIH1436,lung,carcinoma,small_cell_carcinoma,M,Unknown
NCIH1876,lung,carcinoma,small_cell_carcinoma,M,Unknown
CORL24,lung,carcinoma,small_cell_carcinoma,M,Unknown
COV644,ovary,carcinoma,NS,F,Unknown
GP2D,large_intestine,carcinoma,adenocarcinoma,F,Unknown
PECAPJ15,upper_aerodigestive_tract,carcinoma,squamous_cell_carcinoma,M,Unknown
CORL88,lung,carcinoma,small_cell_carcinoma,M,Unknown
CORL95,lung,carcinoma,small_cell_carcinoma,M,Unknown
PECAPJ49,upper_aerodigestive_tract,carcinoma,squamous_cell_carcinoma,M,Unknown
PECAPJ34CLONEC12,upper_aerodigestive_tract,carcinoma,squamous_cell_carcinoma,M,Unknown
CORL51,lung,carcinoma,small_cell_carcinoma,M,Unknown
RT11284,urinary_tract,carcinoma,NS,F,Unknown
PECAPJ41CLONED2,upper_aerodigestive_tract,carcinoma,squamous_cell_carcinoma,F,Unknown
OV7,ovary,carcinoma,NS,F,Unknown
HT55,large_intestine,carcinoma,adenocarcinoma,NA,Unknown
OAW42,ovary,carcinoma,NS,F,Unknown
MDST8,large_intestine,carcinoma,adenocarcinoma,NA,Unknown
OAW28,ovary,carcinoma,NS,F,Unknown
SUIT2,pancreas,carcinoma,ductal_carcinoma,M,Unknown
LC1SQSF,lung,carcinoma,squamous_cell_carcinoma,M,Unknown
KASUMI1,haematopoietic_and_lymphoid_tissue,haematopoietic_neoplasm,acute_myeloid_leukaemia,M,Unknown
SUPM2,haematopoietic_and_lymphoid_tissue,lymphoid_neoplasm,anaplastic_large_cell_lymphoma,F,Unknown
SKHEP1,liver,carcinoma,adenocarcinoma,M,Unknown
OVCAR8,ovary,carcinoma,NS,F,Unknown
NCIH2172,lung,carcinoma,non_small_cell_carcinoma,F,Unknown
ISHIKAWAHERAKLIO02ER,endometrium,carcinoma,adenocarcinoma,F,Unknown
NCIH596,lung,carcinoma,mixed_adenosquamous_carcinoma,M,Unknown
NCIH650,lung,carcinoma,bronchioloalveolar_adenocarcinoma,M,Unknown
SW1573,lung,carcinoma,squamous_cell_carcinoma,F,Unknown
OVMANA,ovary,carcinoma,clear_cell_carcinoma,F,Unknown
SKCO1,large_intestine,carcinoma,adenocarcinoma,M,Unknown
KARPAS299,haematopoietic_and_lymphoid_tissue,lymphoid_neoplasm,anaplastic_large_cell_lymphoma,M,Unknown
YAPC,pancreas,carcinoma,NS,M,Unknown
HT1197,urinary_tract,carcinoma,NS,M,Unknown
A253,salivary_gland,carcinoma,mucoepidermoid_carcinoma,M,Unknown
HCC366,lung,carcinoma,mixed_adenosquamous_carcinoma,F,Unknown
DKMG,central_nervous_system,glioma,astrocytoma_Grade_IV,F,Unknown
SNU1040,large_intestine,carcinoma,NS,M,Unknown
SNU1076,upper_aerodigestive_tract,carcinoma,squamous_cell_carcinoma,M,Unknown
SNU175,large_intestine,carcinoma,NS,F,Unknown
SNU407,large_intestine,carcinoma,NS,M,Unknown
SNU201,central_nervous_system,glioma,astrocytoma_Grade_IV,M,Unknown
KMS20,haematopoietic_and_lymphoid_tissue,lymphoid_neoplasm,plasma_cell_myeloma,F,Unknown
SNU216,stomach,carcinoma,NS,F,Unknown
SNU1196,biliary_tract,carcinoma,NS,NA,Unknown
SNU1079,biliary_tract,carcinoma,NS,NA,Unknown
HCC1195,lung,carcinoma,mixed_adenosquamous_carcinoma,M,Unknown
NCIH854,lung,carcinoma,adenocarcinoma,NA,Unknown
SNU466,central_nervous_system,glioma,astrocytoma_Grade_IV,M,Unknown
YD38,upper_aerodigestive_tract,carcinoma,squamous_cell_carcinoma,M,Unknown
SNU1105,central_nervous_system,glioma,astrocytoma_Grade_IV,M,Unknown
SNU283,large_intestine,carcinoma,NS,F,Unknown
SNU46,upper_aerodigestive_tract,carcinoma,squamous_cell_carcinoma,M,Unknown
SNU308,biliary_tract,carcinoma,NS,NA,Unknown
YD8,upper_aerodigestive_tract,carcinoma,squamous_cell_carcinoma,F,Unknown
SNU245,biliary_tract,carcinoma,NS,NA,Unknown
SNU478,biliary_tract,carcinoma,NS,NA,Unknown
SNU410,pancreas,carcinoma,NS,M,Unknown
SNU899,upper_aerodigestive_tract,carcinoma,squamous_cell_carcinoma,M,Unknown
SNU503,large_intestine,carcinoma,NS,M,Unknown
SET2,haematopoietic_and_lymphoid_tissue,haematopoietic_neoplasm,essential_thrombocythaemia,F,Unknown
SNU738,central_nervous_system,glioma,oligodendroglioma,M,Unknown
SNU626,central_nervous_system,glioma,astrocytoma_Grade_IV,M,Unknown
SNU869,biliary_tract,carcinoma,NS,NA,Unknown
SNU878,liver,carcinoma,hepatocellular_carcinoma,F,Unknown
SNU840,ovary,carcinoma,Brenner_tumour,F,Unknown
SNU8,ovary,carcinoma,adenocarcinoma,F,Unknown
NCIH684,liver,other,hepatoblastoma,NA,Unknown
IGR39,skin,malignant_melanoma,NS,M,Unknown
ALEXANDERCELLS,liver,carcinoma,hepatocellular_carcinoma,M,Unknown
DAOY,central_nervous_system,primitive_neuroectodermal_tumour-medulloblastoma,NS,M,Unknown
HEP3B217,liver,carcinoma,hepatocellular_carcinoma,M,Unknown
KYM1,soft_tissue,rhabdomyosarcoma,NS,NA,Unknown
LC1F,lung,carcinoma,squamous_cell_carcinoma,M,Unknown
HLE,liver,carcinoma,hepatocellular_carcinoma,M,Unknown
CMK,haematopoietic_and_lymphoid_tissue,haematopoietic_neoplasm,acute_myeloid_leukaemia,NA,Unknown
JMSU1,urinary_tract,carcinoma,NS,M,Unknown
IMR32,autonomic_ganglia,neuroblastoma,NS,M,Unknown
SUDHL8,haematopoietic_and_lymphoid_tissue,lymphoid_neoplasm,diffuse_large_B_cell_lymphoma,M,Unknown
T3M4,pancreas,carcinoma,ductal_carcinoma,M,Unknown
COLO818,skin,malignant_melanoma,NS,NA,Unknown
PK45H,pancreas,carcinoma,NS,NA,Unknown
HEC59,endometrium,carcinoma,adenocarcinoma,F,Unknown
HS742T,breast,carcinoma,NS,F,Unknown
BICR56,upper_aerodigestive_tract,carcinoma,squamous_cell_carcinoma,F,Unknown
BICR16,upper_aerodigestive_tract,carcinoma,squamous_cell_carcinoma,M,Unknown
TE10,oesophagus,carcinoma,squamous_cell_carcinoma,NA,Unknown
SKMEL28,skin,malignant_melanoma,NS,M,Unknown
BICR6,upper_aerodigestive_tract,carcinoma,squamous_cell_carcinoma,M,Unknown
BHY,upper_aerodigestive_tract,carcinoma,squamous_cell_carcinoma,M,Unknown
AZ521,stomach,carcinoma,NS,NA,Unknown
SH4,skin,malignant_melanoma,NS,F,Unknown
KPL1,breast,carcinoma,ductal_carcinoma,F,Unknown
CGTHW1,thyroid,carcinoma,follicular_carcinoma,F,Unknown
TUHR4TKB,kidney,carcinoma,NS,NA,Unknown
LS123,large_intestine,carcinoma,adenocarcinoma,F,Unknown
HEL,haematopoietic_and_lymphoid_tissue,haematopoietic_neoplasm,acute_myeloid_leukaemia,M,Unknown
HPAC,pancreas,carcinoma,ductal_carcinoma,F,Unknown
RCC10RGB,kidney,carcinoma,renal_cell_carcinoma,NA,Unknown
JHOM1,ovary,carcinoma,adenocarcinoma,NA,Unknown
SU8686,pancreas,carcinoma,ductal_carcinoma,F,Unknown
HCC33,lung,carcinoma,small_cell_carcinoma,M,Unknown
TE6,oesophagus,carcinoma,squamous_cell_carcinoma,NA,Unknown
JHOC5,ovary,carcinoma,clear_cell_carcinoma,NA,Unknown
ACCMESO1,pleura,mesothelioma,NS,NA,Unknown
BL41,haematopoietic_and_lymphoid_tissue,lymphoid_neoplasm,Burkitt_lymphoma,M,Unknown
SNU1214,upper_aerodigestive_tract,carcinoma,squamous_cell_carcinoma,M,Unknown
CORL105,lung,carcinoma,adenocarcinoma,M,Unknown
LMSU,stomach,carcinoma,adenocarcinoma,NA,Unknown
SNU1197,large_intestine,carcinoma,NS,M,Unknown
COLO668,lung,carcinoma,small_cell_carcinoma,F,Unknown
OSRC2,kidney,carcinoma,renal_cell_carcinoma,NA,Unknown
HUH6,liver,other,hepatoblastoma,NA,Unknown
PANC0203,pancreas,carcinoma,NS,F,Unknown
CJM,skin,malignant_melanoma,NS,NA,Unknown
BICR22,upper_aerodigestive_tract,carcinoma,squamous_cell_carcinoma,M,Unknown
SHSY5Y,autonomic_ganglia,neuroblastoma,NS,F,Unknown
TM31,central_nervous_system,glioma,astrocytoma,NA,Unknown
SNU1272,kidney,carcinoma,clear_cell_renal_cell_carcinoma,F,Unknown
KPNRTBM1,autonomic_ganglia,neuroblastoma,NS,NA,Unknown
BICR18,upper_aerodigestive_tract,carcinoma,squamous_cell_carcinoma,M,Unknown
TE4,oesophagus,carcinoma,squamous_cell_carcinoma,NA,Unknown
PCM6,haematopoietic_and_lymphoid_tissue,lymphoid_neoplasm,plasma_cell_myeloma,F,Unknown
ECC10,stomach,carcinoma,small_cell_adenocarcinoma,NA,Unknown
TUHR14TKB,kidney,carcinoma,NS,NA,Unknown
YD15,salivary_gland,carcinoma,mucoepidermoid_carcinoma,M,Unknown
UBLC1,urinary_tract,carcinoma,transitional_cell_carcinoma,F,Unknown
ECGI10,oesophagus,carcinoma,NS,NA,Unknown
CW2,large_intestine,carcinoma,NS,NA,Unknown
SNU761,liver,carcinoma,hepatocellular_carcinoma,M,Unknown
SNU61,large_intestine,carcinoma,NS,M,Unknown
NCIH1915,lung,carcinoma,large_cell_carcinoma,F,Unknown
SNU324,pancreas,carcinoma,NS,M,Unknown
YD10B,upper_aerodigestive_tract,carcinoma,squamous_cell_carcinoma,M,Unknown
HCC2279,lung,carcinoma,adenocarcinoma,F,Unknown
HLC1,lung,carcinoma,adenocarcinoma,NA,Unknown
TUHR10TKB,kidney,carcinoma,NS,NA,Unknown
HEC1B,endometrium,carcinoma,adenocarcinoma,F,Unknown
VMRCLCP,lung,carcinoma,squamous_cell_carcinoma,NA,Unknown
TGBC11TKB,stomach,carcinoma,NS,NA,Unknown
OVK18,ovary,carcinoma,endometrioid_carcinoma,NA,Unknown
SNU1077,endometrium,carcinoma,carcinosarcoma-malignant_mesodermal_mixed_tumour,F,Unknown
HCC1588,lung,carcinoma,squamous_cell_carcinoma,F,Unknown
SNU213,pancreas,carcinoma,NS,M,Unknown
HT115,large_intestine,carcinoma,NS,NA,Unknown
TE14,oesophagus,carcinoma,squamous_cell_carcinoma,NA,Unknown
TE8,oesophagus,carcinoma,squamous_cell_carcinoma,NA,Unknown
SNU520,stomach,carcinoma,NS,F,Unknown
JHUEM3,endometrium,carcinoma,adenocarcinoma,NA,Unknown
LI7,liver,carcinoma,hepatocellular_carcinoma,NA,Unknown
NCIH838,lung,carcinoma,non_small_cell_carcinoma,M,Unknown
SNU119,ovary,carcinoma,adenocarcinoma,F,Unknown
SNU1033,large_intestine,carcinoma,NS,F,Unknown
SNUC5,large_intestine,carcinoma,adenocarcinoma,F,Unknown
GSS,stomach,carcinoma,adenocarcinoma,NA,Unknown
TALL1,haematopoietic_and_lymphoid_tissue,lymphoid_neoplasm,acute_lymphoblastic_T_cell_leukaemia,M,Unknown
HCC1171,lung,carcinoma,non_small_cell_carcinoma,M,Unknown
SNUC4,large_intestine,carcinoma,adenocarcinoma,M,Unknown
U138MG,central_nervous_system,glioma,astrocytoma,M,Unknown
SNU620,stomach,carcinoma,NS,F,Unknown
ECC12,stomach,carcinoma,small_cell_adenocarcinoma,NA,Unknown
GSU,stomach,carcinoma,adenocarcinoma,NA,Unknown
KMS18,haematopoietic_and_lymphoid_tissue,lymphoid_neoplasm,plasma_cell_myeloma,M,Unknown
JHOM2B,ovary,carcinoma,adenocarcinoma,NA,Unknown
SNU349,kidney,carcinoma,clear_cell_renal_cell_carcinoma,M,Unknown
UMUC1,urinary_tract,carcinoma,transitional_cell_carcinoma,M,Unknown
NAMALWA,haematopoietic_and_lymphoid_tissue,lymphoid_neoplasm,Burkitt_lymphoma,F,Unknown
NCIH292-1,lung,carcinoma,mucoepidermoid_carcinoma,F,Unknown
59M,ovary,carcinoma,NS,F,Unknown
U118MG,central_nervous_system,glioma,astrocytoma,M,Unknown
VMRCLCD,lung,carcinoma,adenocarcinoma,M,Unknown
HCC1833,lung,carcinoma,adenocarcinoma,NA,Unknown
RH30,soft_tissue,rhabdomyosarcoma,alveolar,M,Unknown
TCCSUP,urinary_tract,carcinoma,transitional_cell_carcinoma,F,Unknown
SNU601,stomach,carcinoma,NS,M,Unknown
CAL33,upper_aerodigestive_tract,carcinoma,squamous_cell_carcinoma,M,Unknown
SNU668,stomach,carcinoma,signet_ring_adenocarcinoma,M,Unknown
CORL279,lung,carcinoma,small_cell_carcinoma,M,Unknown
GB1,central_nervous_system,glioma,astrocytoma_Grade_IV,M,Unknown
KURAMOCHI,ovary,carcinoma,undifferentiated_carcinoma,F,Unknown
COLO775,haematopoietic_and_lymphoid_tissue,haematopoietic_neoplasm,chronic_myeloid_leukaemia,M,Unknown
COLO684,endometrium,carcinoma,adenocarcinoma,F,Unknown
KLM1,pancreas,carcinoma,ductal_carcinoma,NA,Unknown
GRM,skin,malignant_melanoma,NS,M,Unknown
SNU685,endometrium,carcinoma,carcinosarcoma-malignant_mesodermal_mixed_tumour,F,Unknown
CMK86,haematopoietic_and_lymphoid_tissue,haematopoietic_neoplasm,acute_myeloid_leukaemia,NA,Unknown
SNU886,liver,carcinoma,hepatocellular_carcinoma,M,Unknown
HCT8,large_intestine,carcinoma,adenocarcinoma,M,Unknown
NCCSTCK140,stomach,carcinoma,NS,NA,Unknown
NCIH3255,lung,carcinoma,adenocarcinoma,F,Unknown
SNU719,stomach,carcinoma,NS,M,Unknown
SNU489,central_nervous_system,glioma,astrocytoma_Grade_IV,M,Unknown
SNU81,large_intestine,carcinoma,NS,M,Unknown
A2058,skin,malignant_melanoma,NS,M,Unknown
HTK,haematopoietic_and_lymphoid_tissue,lymphoid_neoplasm,plasma_cell_myeloma,F,Unknown
NCIH292-2,lung,carcinoma,mucoepidermoid_carcinoma,F,Unknown
LN443,central_nervous_system,glioma,astrocytoma_Grade_IV,NA,Unknown
SLR23,kidney,carcinoma,renal_cell_carcinoma,NA,Unknown
HMEL,breast,other,immortalized_epithelial,NA,Unknown
OELE,ovary,other,immortalized_epithelial,NA,Unknown
LN235,central_nervous_system,glioma,astrocytoma_Grade_IV,NA,Unknown
BJHTERT,skin,other,immortalized_fibroblast,NA,Unknown
LN428,central_nervous_system,glioma,astrocytoma_Grade_IV,NA,Unknown
SLR24,kidney,carcinoma,renal_cell_carcinoma,NA,Unknown
EWS502,bone,Ewings_sarcoma-peripheral_primitive_neuroectodermal_tumour,NS,NA,Unknown
SALE,lung,other,immortalized_epithelial,NA,Unknown
HCC2814,lung,carcinoma,squamous_cell_carcinoma,NA,Unknown
SKRC31,kidney,carcinoma,renal_cell_carcinoma,NA,Unknown
TIG3TD,lung,other,immortalized_embryonic_fibroblast,NA,Unknown
TC32,bone,Ewings_sarcoma-peripheral_primitive_neuroectodermal_tumour,NS,NA,Unknown
SF172,central_nervous_system,glioma,astrocytoma_Grade_IV,NA,Unknown
PRECLH,prostate,other,immortalized_epithelial,NA,Unknown
U343,central_nervous_system,glioma,astrocytoma_Grade_IV,NA,Unknown
RCC4,kidney,carcinoma,clear_cell_renal_cell_carcinoma,NA,Unknown
LN215,central_nervous_system,glioma,astrocytoma_Grade_IV,NA,Unknown
LN464,central_nervous_system,glioma,astrocytoma_Grade_IV,NA,Unknown
SLR25,kidney,carcinoma,renal_cell_carcinoma,NA,Unknown
U178,central_nervous_system,glioma,astrocytoma_Grade_IV,NA,Unknown
F5,central_nervous_system,meningioma,NS,NA,Unknown
HEKTE,kidney,other,immortalized_epithelial,NA,Unknown
SLR26,kidney,carcinoma,renal_cell_carcinoma,NA,Unknown
SKRC20,kidney,carcinoma,renal_cell_carcinoma,NA,Unknown
SF767,central_nervous_system,glioma,astrocytoma_Grade_III,NA,Unknown
A1207,central_nervous_system,glioma,NS,NA,Unknown
LN319,central_nervous_system,glioma,astrocytoma_Grade_III,NA,Unknown
HCC364,lung,carcinoma,adenocarcinoma,NA,Unknown
UMRC6,kidney,carcinoma,renal_cell_carcinoma,NA,Unknown
LN382,central_nervous_system,glioma,astrocytoma_Grade_IV,NA,Unknown
IOMMLEE,central_nervous_system,meningioma,NS,NA,Unknown
UMRC2,kidney,carcinoma,clear_cell_renal_cell_carcinoma,NA,Unknown
DFCI024,lung,carcinoma,adenocarcinoma,NA,Unknown
HCC1897,lung,carcinoma,squamous_cell_carcinoma,NA,Unknown
SLR21,kidney,carcinoma,renal_cell_carcinoma,NA,Unknown
LNZ308,central_nervous_system,glioma,astrocytoma_Grade_IV,NA,Unknown
LN340,central_nervous_system,glioma,astrocytoma_Grade_IV,NA,Unknown
HCC827GR5,lung,carcinoma,adenocarcinoma,NA,Unknown
SLR20,kidney,carcinoma,renal_cell_carcinoma,NA,Unknown
HK2,kidney,other,immortalized_epithelial,NA,Unknown
EW8,bone,Ewings_sarcoma-peripheral_primitive_neuroectodermal_tumour,NS,NA,Unknown
UOK101,kidney,carcinoma,clear_cell_renal_cell_carcinoma,NA,Unknown
JHESOAD1,oesophagus,carcinoma,barrett_associated_adenocarcinoma,NA,Unknown
CH157MN,central_nervous_system,meningioma,NS,NA,Unknown
